<?xml version="1.0" encoding="utf-8" ?><dwsync><file name="admin_processes.php" server="ftp.crispdesigners.net/crispwebdesign.co.uk/htdocs/websites/loginscript/" local="3319571159" remote="2004495909338784472" /><file name="constants.php" server="ftp.crispdesigners.net/crispwebdesign.co.uk/htdocs/websites/loginscript/" local="3319638992" remote="2007247763604876268" /><file name="mail.php" server="ftp.crispdesigners.net/crispwebdesign.co.uk/htdocs/websites/loginscript/" local="3319570928" remote="2007247763604808408" /><file name="processes.php" server="ftp.crispdesigners.net/crispwebdesign.co.uk/htdocs/websites/loginscript/" local="3319638606" remote="2006970102559124040" /><file name="style.css" server="ftp.crispdesigners.net/crispwebdesign.co.uk/htdocs/websites/loginscript/" local="3319556852" remote="395955151461706452" /><file name="constants.php" server="ftp.crispdesigners.net//crispwebdesign.co.uk/htdocs/websites/loginscript/" local="128809840149480000" remote="128809839600000000" /><file name="style.css" server="ftp.crispdesigners.net//crispwebdesign.co.uk/htdocs/websites/loginscript/" local="128809027714060000" remote="128809839600000000" /><file name="processes.php" server="ftp.crispdesigners.net//crispwebdesign.co.uk/htdocs/websites/loginscript/" local="128809842873720000" remote="128809842600000000" /><file name="mail.php" server="ftp.crispdesigners.net//crispwebdesign.co.uk/htdocs/websites/loginscript/" local="128809840167390000" remote="128809839600000000" /><file name="admin_processes.php" server="ftp.crispdesigners.net//crispwebdesign.co.uk/htdocs/websites/loginscript/" local="128808058623670000" remote="128809839600000000" /></dwsync>